<?xml version="1.0"?>
<metadata xml:lang="en">
	<Esri>
		<CreaDate>20220120</CreaDate>
		<CreaTime>08373300</CreaTime>
		<ArcGISFormat>1.0</ArcGISFormat>
		<SyncOnce>FALSE</SyncOnce>
		<scaleRange>
			<minScale>60000000</minScale>
			<maxScale>100000</maxScale>
		</scaleRange>
		<DataProperties><itemProps><itemName Sync="TRUE">gemeindegrenze_mitName</itemName><imsContentType Sync="TRUE">002</imsContentType><nativeExtBox><westBL Sync="TRUE">354916.600000</westBL><eastBL Sync="TRUE">500338.550000</eastBL><southBL Sync="TRUE">200624.270000</southBL><northBL Sync="TRUE">322601.840000</northBL><exTypeCode Sync="TRUE">1</exTypeCode></nativeExtBox><itemSize Sync="TRUE">2.963</itemSize><itemLocation><linkage Sync="TRUE">file://\\LAPTOP-6L0H2K55\Users\zahra\Desktop\xmlproject\gemeindegrenze_mitName.shp</linkage><protocol Sync="TRUE">Local Area Network</protocol></itemLocation></itemProps><coordRef><type Sync="TRUE">Projected</type><geogcsn Sync="TRUE">GCS_MGI</geogcsn><csUnits Sync="TRUE">Linear Unit: Meter (1.000000)</csUnits><projcsn Sync="TRUE">MGI_Austria_GK_M31</projcsn><peXml Sync="TRUE">&lt;ProjectedCoordinateSystem xsi:type='typens:ProjectedCoordinateSystem' xmlns:xsi='http://www.w3.org/2001/XMLSchema-instance' xmlns:xs='http://www.w3.org/2001/XMLSchema' xmlns:typens='http://www.esri.com/schemas/ArcGIS/2.7.0'&gt;&lt;WKT&gt;PROJCS[&amp;quot;MGI_Austria_GK_M31&amp;quot;,GEOGCS[&amp;quot;GCS_MGI&amp;quot;,DATUM[&amp;quot;D_MGI&amp;quot;,SPHEROID[&amp;quot;Bessel_1841&amp;quot;,6377397.155,299.1528128]],PRIMEM[&amp;quot;Greenwich&amp;quot;,0.0],UNIT[&amp;quot;Degree&amp;quot;,0.0174532925199433]],PROJECTION[&amp;quot;Transverse_Mercator&amp;quot;],PARAMETER[&amp;quot;False_Easting&amp;quot;,450000.0],PARAMETER[&amp;quot;False_Northing&amp;quot;,-5000000.0],PARAMETER[&amp;quot;Central_Meridian&amp;quot;,13.33333333333333],PARAMETER[&amp;quot;Scale_Factor&amp;quot;,1.0],PARAMETER[&amp;quot;Latitude_Of_Origin&amp;quot;,0.0],UNIT[&amp;quot;Meter&amp;quot;,1.0],AUTHORITY[&amp;quot;EPSG&amp;quot;,31258]]&lt;/WKT&gt;&lt;XOrigin&gt;-5172500&lt;/XOrigin&gt;&lt;YOrigin&gt;-15001000&lt;/YOrigin&gt;&lt;XYScale&gt;450314931.24392509&lt;/XYScale&gt;&lt;ZOrigin&gt;-100000&lt;/ZOrigin&gt;&lt;ZScale&gt;10000&lt;/ZScale&gt;&lt;MOrigin&gt;-100000&lt;/MOrigin&gt;&lt;MScale&gt;10000&lt;/MScale&gt;&lt;XYTolerance&gt;0.001&lt;/XYTolerance&gt;&lt;ZTolerance&gt;0.001&lt;/ZTolerance&gt;&lt;MTolerance&gt;0.001&lt;/MTolerance&gt;&lt;HighPrecision&gt;true&lt;/HighPrecision&gt;&lt;WKID&gt;31258&lt;/WKID&gt;&lt;LatestWKID&gt;31258&lt;/LatestWKID&gt;&lt;/ProjectedCoordinateSystem&gt;</peXml></coordRef></DataProperties><SyncDate>20220120</SyncDate><SyncTime>08373300</SyncTime><ModDate>20220120</ModDate><ModTime>08373300</ModTime></Esri>
	<mdFileID>41fc901e-1524-47fe-9162-4bc94b86e4e2</mdFileID>
	<mdLang>
		<languageCode value="eng"/>
		<countryCode value="150" Sync="TRUE"></countryCode></mdLang>
	<mdChar>
		<CharSetCd value="004"/>
	</mdChar>
	<mdHrLv>
		<ScopeCd value="005"/>
	</mdHrLv>
	<mdHrLvName>Service</mdHrLvName>
	<mdContact>
		<rpOrgName>European Commission, Eurostat (ESTAT), GISCO</rpOrgName>
		<rpCntInfo>
			<cntAddress>
				<eMailAdd>estat-gisco@ec.europa.eu</eMailAdd>
			</cntAddress>
		</rpCntInfo>
		<role>
			<RoleCd value="007"/>
		</role>
	</mdContact>
	<mdDateSt>20180523</mdDateSt>
	<mdStanName>ArcGIS Metadata</mdStanName>
	<mdStanVer>1.0</mdStanVer>
	<distInfo>
		<distTranOps>
			<transSize Sync="TRUE">2.963</transSize></distTranOps>
		<distTranOps>
			<onLineSrc>
				<linkage>http://ec.europa.eu/eurostat/web/gisco/geodata/reference-data/administrative-units-statistical-units</linkage>
				<protocol></protocol>
				<orName></orName>
				<orDesc></orDesc>
			</onLineSrc>
			<transSize Sync="TRUE">2.963</transSize></distTranOps>
		<distTranOps>
			<onLineSrc>
				<linkage>http://myintracomm.ec.europa.eu/dg/ESTAT/6-tools/GISCO/AccessGeographicalRef%20Database/Pages/AccessGeographicalRefDatabase.aspx</linkage>
				<protocol></protocol>
				<orName></orName>
				<orDesc></orDesc>
			</onLineSrc>
			<transSize Sync="TRUE">2.963</transSize></distTranOps>
		<distFormat><formatName Sync="TRUE">Shapefile</formatName></distFormat></distInfo>
	<dataIdInfo>
		<idCitation>
			<resTitle>Countries, 2016 - Administrative Units - Dataset</resTitle>
			<date>
				<pubDate>2018-05-23</pubDate>
				<createDate>2018-05-01</createDate>
			</date>
			<resEdDate></resEdDate>
			<citId>
				<identCode>{5C27B6C0-BC1C-4175-9B0B-783AEEBAAD61}</identCode>
			</citId>
			<presForm><PresFormCd value="005" Sync="TRUE"></PresFormCd></presForm></idCitation>
		<idAbs>This data set contains the administrative boundaries at country level of the world and is based on the geometry from EBM v12.x. of EuroGeographics for the members of Eurogeographics, the Global Administrative Units Layer (2015) from FAO (UN) and geometry from the Turkish National Statistical Office. This dataset consists of 2 feature classes (regions, boundaries) per scale level and there are 6 different scale levels (100K, 1M, 3M, 10M, 20M and 60M). The public data set (1M - 60M) is available under the Download link indicated below. The full data set (100K - 60M) GISCO.CNTR_2016 is available via the EC restricted download link.</idAbs>
		<idStatus>
			<ProgCd value="001"/>
		</idStatus>
		<idPoC>
			<rpOrgName>European Commission, Eurostat (ESTAT), GISCO</rpOrgName>
			<rpCntInfo>
				<cntAddress>
					<eMailAdd>estat-gisco@ec.europa.eu</eMailAdd>
				</cntAddress>
			</rpCntInfo>
			<role>
				<RoleCd value="002"/>
			</role>
		</idPoC>
		<themeKeys>
			<keyword>Administrative units</keyword>
			<thesaName>
				<resTitle>GEMET - INSPIRE themes, version 1.0</resTitle>
				<date>
					<pubDate>2008-06-01</pubDate>
				</date>
				<citId>
				</citId>
			</thesaName>
		</themeKeys>
		<otherKeys>
			<keyword>Countries</keyword>
			<keyword>INSPIREGEOPORTAL</keyword>
		</otherKeys>
		<searchKeys>
			<keyword>Administrative units</keyword>
			<keyword>Countries</keyword>
			<keyword>INSPIREGEOPORTAL</keyword>
		</searchKeys>
		<resConst>
			<Consts>
				<useLimit>Generalised dataset derived from EuroGeographics and UN-FAO GI data. The dataset may be used and distributed if: The source (EuroGeographics and UN-FAO) is acknowledged, AND The data is not used for commercial purpose, AND The original geometry is generalised to the equivalent of a scale of 1:1.000.000 or smaller. The source, copyright and branding will be acknowledged if the geographic data are used in Commission products. The acknowledgement will be displayed as “@EuroGeographics” on the map or in an acknowledgement text. The size of the text on the map will be proportional to the size of the map. The maximum length of copyright texts on electronic maps (web maps or electronic applications) is 20 characters. No copyright text will be applied for online icon maps with less than 150 x 150 pixels.</useLimit>
			</Consts>
		</resConst>
		<resConst>
			<LegConsts>
				<accessConsts>
					<RestrictCd value="008"/>
				</accessConsts>
				<othConsts>(e) intellectual property rights</othConsts>
			</LegConsts>
		</resConst>
		<dataScale>
			<equScale>
				<rfDenom>100000</rfDenom>
			</equScale>
			<equScale>
				<rfDenom>60000000</rfDenom>
			</equScale>
		</dataScale>
		<dataLang>
			<languageCode value="eng">
			</languageCode>
			<countryCode value="150" Sync="TRUE"></countryCode></dataLang>
		<tpCat>
			<TopicCatCd value="003"/>
		</tpCat>
		<dataExt>
			<geoEle>
				<GeoBndBox>
					<westBL>-92.8125</westBL>
					<eastBL>109.6875</eastBL>
					<southBL>-5.625</southBL>
					<northBL>88.59375</northBL>
				</GeoBndBox>
			</geoEle>
			<tempEle>
				<TempExtent>
					<exTemp>
					</exTemp>
				</TempExtent>
			</tempEle>
		</dataExt>
		<dataExt>
			<geoEle>
			</geoEle>
		</dataExt>
		<envirDesc Sync="TRUE">Microsoft Windows 10 Version 10.0 (Build 19042) ; Esri ArcGIS 12.7.0.26828</envirDesc><spatRpType><SpatRepTypCd value="001" Sync="TRUE"></SpatRepTypCd></spatRpType><dataExt><geoEle><GeoBndBox esriExtentType="search"><exTypeCode Sync="TRUE">1</exTypeCode><westBL Sync="TRUE">12.058153</westBL><eastBL Sync="TRUE">14.008495</eastBL><northBL Sync="TRUE">48.042424</northBL><southBL Sync="TRUE">46.938376</southBL></GeoBndBox></geoEle></dataExt></dataIdInfo>
	<dqInfo>
		<dqScope>
			<scpLvl>
				<ScopeCd value="005"/>
			</scpLvl>
			<scpLvlDesc>
			</scpLvlDesc>
		</dqScope>
		<report type="DQDomConsis">
			<measResult>
				<ConResult>
					<conSpec>
						<resTitle></resTitle>
					</conSpec>
					<conExpl></conExpl>
				</ConResult>
			</measResult>
		</report>
		<report type="DQDomConsis">
		</report>
		<dataLineage>
			<statement>The dataset is based on the geometry from EBM v12.x. of EuroGeographics for the members of Eurogeographics, the Global Administrative Units Layer (2015) from FAO (UN) and geometry from the Turkish National Statistical Office. This resulted in a common repository of geometry of which the different datasets were derived. The different scale levels were derived of generalisations of the common repository on 100K scale. This means that within each scale level the feature classes of all these datasets: COMM_2016, NUTS_2016, CNTR_2016, EEZ_2016 and COAS_2016, are fully coherent and compliant. Each scale level in the CNTR_2013 dataset consists of 2 feature classes (regions and boundaries) The boundaries and regions are related to each other through a relationship table. In addition to the region and boundary feature classes there is also 1 label feature class which is scale independent. For each CNTR in the region feature class there is exactly 1 label and an associated record in the CNTR_AT table which contains names and poltical status.</statement>
		</dataLineage>
	</dqInfo>
	<refSysInfo>
		<RefSystem>
			<refSysID>
				<identCode code="ETRS89 (EPSG:4258)"/>
				<idCodeSpace>EPSG</idCodeSpace>
				<identVrsn>7.9</identVrsn>
				<idVersion Sync="TRUE">6.12(9.3.0.0)</idVersion></refSysID>
		</RefSystem>
	</refSysInfo>
	<spatRepInfo><VectSpatRep><geometObjs Name="gemeindegrenze_mitName"><geoObjTyp><GeoObjTypCd value="002" Sync="TRUE"></GeoObjTypCd></geoObjTyp><geoObjCnt Sync="TRUE">119</geoObjCnt></geometObjs><topLvl><TopoLevCd value="001" Sync="TRUE"></TopoLevCd></topLvl></VectSpatRep></spatRepInfo><spdoinfo><ptvctinf><esriterm Name="gemeindegrenze_mitName"><efeatyp Sync="TRUE">Simple</efeatyp><efeageom code="4" Sync="TRUE"></efeageom><esritopo Sync="TRUE">FALSE</esritopo><efeacnt Sync="TRUE">119</efeacnt><spindex Sync="TRUE">FALSE</spindex><linrefer Sync="TRUE">FALSE</linrefer></esriterm></ptvctinf></spdoinfo><eainfo><detailed Name="gemeindegrenze_mitName"><enttyp><enttypl Sync="TRUE">gemeindegrenze_mitName</enttypl><enttypt Sync="TRUE">Feature Class</enttypt><enttypc Sync="TRUE">119</enttypc></enttyp><attr><attrlabl Sync="TRUE">FID</attrlabl><attalias Sync="TRUE">FID</attalias><attrtype Sync="TRUE">OID</attrtype><attwidth Sync="TRUE">4</attwidth><atprecis Sync="TRUE">0</atprecis><attscale Sync="TRUE">0</attscale><attrdef Sync="TRUE">Internal feature number.</attrdef><attrdefs Sync="TRUE">Esri</attrdefs><attrdomv><udom Sync="TRUE">Sequential unique whole numbers that are automatically generated.</udom></attrdomv></attr><attr><attrlabl Sync="TRUE">Shape</attrlabl><attalias Sync="TRUE">Shape</attalias><attrtype Sync="TRUE">Geometry</attrtype><attwidth Sync="TRUE">0</attwidth><atprecis Sync="TRUE">0</atprecis><attscale Sync="TRUE">0</attscale><attrdef Sync="TRUE">Feature geometry.</attrdef><attrdefs Sync="TRUE">Esri</attrdefs><attrdomv><udom Sync="TRUE">Coordinates defining the features.</udom></attrdomv></attr><attr><attrlabl Sync="TRUE">OBJECTID</attrlabl><attalias Sync="TRUE">OBJECTID</attalias><attrtype Sync="TRUE">Double</attrtype><attwidth Sync="TRUE">20</attwidth><atprecis Sync="TRUE">20</atprecis><attscale Sync="TRUE">0</attscale></attr><attr><attrlabl Sync="TRUE">NAME</attrlabl><attalias Sync="TRUE">NAME</attalias><attrtype Sync="TRUE">String</attrtype><attwidth Sync="TRUE">50</attwidth><atprecis Sync="TRUE">0</atprecis><attscale Sync="TRUE">0</attscale></attr><attr><attrlabl Sync="TRUE">Kurzname</attrlabl><attalias Sync="TRUE">Kurzname</attalias><attrtype Sync="TRUE">String</attrtype><attwidth Sync="TRUE">50</attwidth><atprecis Sync="TRUE">0</atprecis><attscale Sync="TRUE">0</attscale></attr><attr><attrlabl Sync="TRUE">Kuerzel</attrlabl><attalias Sync="TRUE">Kuerzel</attalias><attrtype Sync="TRUE">String</attrtype><attwidth Sync="TRUE">50</attwidth><atprecis Sync="TRUE">0</atprecis><attscale Sync="TRUE">0</attscale></attr><attr><attrlabl Sync="TRUE">GEMNR</attrlabl><attalias Sync="TRUE">GEMNR</attalias><attrtype Sync="TRUE">Integer</attrtype><attwidth Sync="TRUE">10</attwidth><atprecis Sync="TRUE">10</atprecis><attscale Sync="TRUE">0</attscale></attr><attr><attrlabl Sync="TRUE">gem</attrlabl><attalias Sync="TRUE">gem</attalias><attrtype Sync="TRUE">Integer</attrtype><attwidth Sync="TRUE">10</attwidth><atprecis Sync="TRUE">10</atprecis><attscale Sync="TRUE">0</attscale></attr><attr><attrlabl Sync="TRUE">Area_km</attrlabl><attalias Sync="TRUE">Area_km</attalias><attrtype Sync="TRUE">Double</attrtype><attwidth Sync="TRUE">24</attwidth><atprecis Sync="TRUE">23</atprecis><attscale Sync="TRUE">15</attscale></attr><attr><attrlabl Sync="TRUE">SHAPE_Leng</attrlabl><attalias Sync="TRUE">SHAPE_Leng</attalias><attrtype Sync="TRUE">Double</attrtype><attwidth Sync="TRUE">24</attwidth><atprecis Sync="TRUE">23</atprecis><attscale Sync="TRUE">15</attscale></attr><attr><attrlabl Sync="TRUE">SHAPE_Area</attrlabl><attalias Sync="TRUE">SHAPE_Area</attalias><attrtype Sync="TRUE">Double</attrtype><attwidth Sync="TRUE">24</attwidth><atprecis Sync="TRUE">23</atprecis><attscale Sync="TRUE">15</attscale><attrdef Sync="TRUE">Area of feature in internal units squared.</attrdef><attrdefs Sync="TRUE">Esri</attrdefs><attrdomv><udom Sync="TRUE">Positive real numbers that are automatically generated.</udom></attrdomv></attr></detailed></eainfo></metadata>
