<?xml version="1.0" encoding="UTF-8"?>
<info version="1.1">
  <general>
    <createDate>2022-01-20T15:27:05Z</createDate>
    <changeDate>2022-01-20T16:01:15.125Z</changeDate>
    <schema>iso19139</schema>
    <isTemplate>n</isTemplate>
    <localId>286</localId>
    <format>full</format>
    <rating>0</rating>
    <popularity>5</popularity>
    <uuid>2bd84faf-19f5-455f-9817-22b2ce1f7d4b</uuid>
    <siteId>2c8deb14-9121-4f89-8334-4a600b0d80d1</siteId>
    <siteName>PLUS Z_GIS GeoNetwork catalogue (4.03)</siteName>
  </general>
  <categories />
  <privileges>
    <group name="856165: IP SDI" groupOwner="true">
      <operation name="view" />
      <operation name="download" />
      <operation name="dynamic" />
    </group>
  </privileges>
  <public />
  <private />
</info>

